{"text": " Do you know what hit me today? It's how many eBay businesses are killed by fear. My fear kills more businesses than mistakes ever will.", "segments": [{"id": 0, "seek": 0, "start": 0.0, "end": 5.88, "text": " Do you know what hit me today? It's how many eBay businesses are killed by fear.", "tokens": [50365, 1144, 291, 458, 437, 2045, 385, 965, 30, 467, 311, 577, 867, 33803, 6011, 366, 4652, 538, 4240, 13, 50659], "temperature": 0.0, "avg_logprob": -0.11429929032045252, "compression_ratio": 1.238532110091743, "no_speech_prob": 9.5419657418494e-13}, {"id": 1, "seek": 0, "start": 6.5, "end": 9.84, "text": " My fear kills more businesses than mistakes ever will.", "tokens": [50690, 1222, 4240, 14563, 544, 6011, 813, 8038, 1562, 486, 13, 50857], "temperature": 0.0, "avg_logprob": -0.11429929032045252, "compression_ratio": 1.238532110091743, "no_speech_prob": 9.5419657418494e-13}], "language": "en"}